Fixture,Market,Model_Prob,Model_Odds,Bookie_Odds,Edge (EV),Bet_Signal
Bournemouth vs Sunderland,Home,67.44%,1.48,1.78,20.05%,🔥 VALUE (BET)
Burnley vs Brentford,Home,28.82%,3.47,4.69,35.16%,🔥 VALUE (BET)
Burnley vs Brentford,Draw,25.32%,3.95,4.0,1.28%,🔥 VALUE (BET)
Brighton vs Nottingham Forest,Draw,29.56%,3.38,3.6,6.42%,🔥 VALUE (BET)
Manchester United vs Crystal Palace,Draw,26.53%,3.77,4.44,17.77%,🔥 VALUE (BET)
Manchester United vs Crystal Palace,Away,20.25%,4.94,5.82,17.88%,🔥 VALUE (BET)
Fulham vs Tottenham,Draw,30.19%,3.31,3.65,10.18%,🔥 VALUE (BET)
Fulham vs Tottenham,Away,35.50%,2.82,3.43,21.77%,🔥 VALUE (BET)
Arsenal vs Chelsea,Draw,27.17%,3.68,4.2,14.11%,🔥 VALUE (BET)
Arsenal vs Chelsea,Away,27.98%,3.57,5.44,52.23%,🔥 VALUE (BET)
Bournemouth vs Brentford,Home,60.39%,1.66,2.4,44.94%,🔥 VALUE (BET)
Everton vs Burnley,Draw,27.16%,3.68,3.77,2.41%,🔥 VALUE (BET)
Wolverhampton Wanderers vs Liverpool,Away,69.25%,1.44,1.47,1.80%,🔥 VALUE (BET)
Brighton vs Arsenal,Away,68.62%,1.46,1.63,11.84%,🔥 VALUE (BET)
Aston Villa vs Chelsea,Draw,28.30%,3.53,3.73,5.56%,🔥 VALUE (BET)
Aston Villa vs Chelsea,Away,43.40%,2.3,2.45,6.34%,🔥 VALUE (BET)
Tottenham vs Crystal Palace,Away,53.76%,1.86,3.14,68.81%,🔥 VALUE (BET)
