Fixture,Market,Model_Prob,Model_Odds,Bookie_Odds,Edge (EV),Target_%,Rec_Wager,Bet_Signal
Sunderland vs Brighton,Draw,30.74%,3.25,3.57,9.75%,1.90%,$18.97,🔥 VALUE (BET)
Aston Villa vs Chelsea,Away,44.50%,2.25,2.46,9.48%,3.25%,$32.47,🔥 VALUE (BET)
Leeds vs Sunderland,Home,56.40%,1.77,1.93,8.85%,4.76%,$47.6,🔥 VALUE (BET)
West Ham vs Manchester City,Draw,24.01%,4.17,4.5,8.03%,1.15%,$11.47,🔥 VALUE (BET)
Newcastle United vs Manchester United,Away,40.37%,2.48,2.66,7.38%,2.22%,$22.22,🔥 VALUE (BET)
Manchester City vs Nottingham Forest,Draw,19.86%,5.03,5.37,6.66%,0.76%,$7.62,🔥 VALUE (BET)
Bournemouth vs Brentford,Home,43.74%,2.29,2.43,6.30%,2.20%,$22.02,🔥 VALUE (BET)
Manchester United vs Aston Villa,Draw,26.28%,3.81,4.04,6.16%,1.01%,$10.13,🔥 VALUE (BET)
Chelsea vs Newcastle United,Home,54.81%,1.82,1.91,4.69%,2.57%,$25.74,🔥 VALUE (BET)
Liverpool vs Tottenham,Away,13.67%,7.31,7.39,1.04%,0.08%,$0.82,🔥 VALUE (BET)
Fulham vs West Ham,Home,46.55%,2.15,2.16,0.55%,0.24%,$2.38,🔥 VALUE (BET)
